escombro,envases,carton,bolsas,electricos,pilas,neumaticos,medicamentos,varios,volumen,dia_semana,mes_anio,hora_dia,latitud,longitud,class
0,0,0,0,0,0,0,0,1,0.6,0.16666666666667,0.27272727272727,0.95652173913043,20.680420,-103.384827,cerca
0,0,0,0,0,0,0,1,0,0.2,1,0.90909090909091,1,20.678802,-103.331245,lejos
0,1,1,0,0,0,0,0,0,0.6,0.5,0.27272727272727,0.82608695652174,20.685787,-103.378418,lejos
1,0,1,0,0,0,0,1,1,1,1,0.90909090909091,0.52173913043478,20.680517,-103.359390,lejos
0,1,0,1,0,0,1,1,0,1,1,0.72727272727273,0.8695652173913,20.691971,-103.329506,lejos
1,0,1,0,1,0,1,0,0,0,1,0.27272727272727,0.73913043478261,20.666107,-103.334061,lejos
0,0,1,0,0,0,0,0,0,0.4,0.83333333333333,0.81818181818182,0.1304347826087,20.683491,-103.352730,medio
1,0,1,0,1,0,0,0,0,1,0.66666666666667,0,0.78260869565217,20.668919,-103.375717,lejos
0,0,0,0,1,0,1,1,0,0.6,0.33333333333333,0.36363636363636,0.73913043478261,20.670214,-103.385612,medio
1,1,0,0,0,0,0,0,0,0.4,0,0.27272727272727,0.08695652173913,20.700298,-103.339851,medio
1,0,0,0,0,1,0,0,0,1,0.16666666666667,0.45454545454545,0.39130434782609,20.652182,-103.361931,lejos
1,0,0,0,0,0,1,1,0,0.6,0.66666666666667,0.27272727272727,0.78260869565217,20.664511,-103.323341,medio
0,1,1,0,1,1,0,1,0,0,0,0.81818181818182,0.21739130434783,20.657145,-103.373322,medio
1,1,0,0,0,0,1,1,0,0.6,0.5,0.81818181818182,0.8695652173913,20.677286,-103.386093,cerca
1,0,1,0,0,0,0,0,1,0.6,0.16666666666667,1,0.30434782608696,20.673576,-103.386688,cerca
0,0,0,0,1,0,1,0,0,0.2,0,0.72727272727273,0.73913043478261,20.692581,-103.331039,cerca
0,1,0,0,0,1,0,0,1,0.2,0.66666666666667,1,0.43478260869565,20.657238,-103.367332,cerca
1,0,0,0,0,0,1,0,0,0.6,0.66666666666667,0.72727272727273,0.56521739130435,20.671797,-103.369072,cerca
0,0,1,0,0,0,1,1,1,0.2,0.16666666666667,0.45454545454545,0.43478260869565,20.697931,-103.353340,lejos
0,0,0,0,1,1,1,1,0,0.8,0.16666666666667,1,0.17391304347826,20.691195,-103.332771,lejos
1,0,0,0,1,1,0,0,1,0.8,0,0.27272727272727,0.52173913043478,20.672966,-103.354324,lejos
1,0,1,0,1,1,0,0,0,0.8,1,0.72727272727273,0.08695652173913,20.692518,-103.334229,lejos
1,0,1,0,1,1,0,0,1,0,0.33333333333333,1,0.65217391304348,20.664848,-103.356987,lejos
0,1,0,0,0,1,0,0,0,0.2,0.83333333333333,0.36363636363636,0.043478260869565,20.652102,-103.373940,medio
0,0,0,0,1,1,1,0,0,0.6,0.83333333333333,0,0.78260869565217,20.676945,-103.325615,medio
0,0,0,0,0,0,1,1,1,0.8,0.33333333333333,0.63636363636364,0.1304347826087,20.644676,-103.347168,lejos
0,0,1,1,0,1,0,0,0,0.6,0.66666666666667,0.45454545454545,0.47826086956522,20.669193,-103.316628,lejos
0,1,0,0,0,0,0,0,0,0.2,0.5,0.90909090909091,0.91304347826087,20.664898,-103.353027,lejos
0,1,0,0,0,0,0,0,1,0.8,0.5,0.90909090909091,1,20.706467,-103.363235,medio
1,1,0,0,0,1,1,0,0,0,0.66666666666667,0.81818181818182,0.43478260869565,20.691360,-103.370422,lejos
0,0,0,0,0,0,0,1,0,1,0.16666666666667,0.27272727272727,0.08695652173913,20.664360,-103.384987,lejos
0,1,0,1,0,0,0,0,0,1,0.16666666666667,0.27272727272727,0.21739130434783,20.667622,-103.355743,lejos
1,1,0,0,0,0,0,0,1,1,0.83333333333333,0.63636363636364,0.73913043478261,20.694490,-103.338661,lejos
0,0,0,0,0,0,0,1,0,1,1,0.45454545454545,0.95652173913043,20.700790,-103.363266,lejos
0,0,1,0,1,0,1,1,1,0.8,0.16666666666667,0,0.47826086956522,20.662832,-103.322296,lejos
0,0,1,0,0,0,0,0,0,0.6,0.33333333333333,0.54545454545455,0.82608695652174,20.688210,-103.355667,medio
1,0,1,0,0,1,0,0,0,0.4,1,0.72727272727273,0.82608695652174,20.696461,-103.331749,lejos
0,0,0,1,1,0,0,0,1,0.6,0.33333333333333,0.81818181818182,0.47826086956522,20.684946,-103.352303,cerca
1,1,0,0,0,1,1,0,0,0.8,1,0.54545454545455,0.95652173913043,20.639685,-103.356468,lejos
1,0,1,1,0,0,1,0,0,1,0.5,0.45454545454545,0.21739130434783,20.669579,-103.384605,lejos
0,0,0,1,0,0,0,0,0,0,0.83333333333333,0.54545454545455,1,20.667402,-103.341652,lejos
1,1,0,0,1,0,0,0,0,0.8,0.83333333333333,0.27272727272727,0.73913043478261,20.677456,-103.368279,lejos
1,0,1,1,1,1,0,0,0,0.4,0.5,0.81818181818182,0.47826086956522,20.701153,-103.364853,lejos
0,0,0,0,0,1,0,0,0,0.2,0.66666666666667,0.54545454545455,0.82608695652174,20.676233,-103.328552,cerca
1,0,1,1,0,1,1,0,0,1,1,0.81818181818182,0.26086956521739,20.655470,-103.357452,lejos
0,1,0,0,0,0,1,0,0,1,1,0.72727272727273,0.82608695652174,20.675970,-103.358871,medio
0,0,0,1,0,0,0,0,0,0.4,0.16666666666667,0,0.60869565217391,20.674580,-103.356171,medio
0,0,0,1,1,1,0,0,1,0.4,0.5,0.27272727272727,0.95652173913043,20.648767,-103.337090,lejos
1,1,0,0,1,1,0,0,0,0.8,0.33333333333333,0.54545454545455,0.43478260869565,20.647022,-103.335114,medio
0,1,0,1,1,1,0,0,1,1,0.16666666666667,1,0.52173913043478,20.640850,-103.366257,cerca
0,0,0,1,0,0,0,1,0,0.4,0.66666666666667,0,0.39130434782609,20.677416,-103.320183,lejos
1,0,0,0,1,1,0,0,0,0,1,0.27272727272727,0.65217391304348,20.705160,-103.337547,cerca
0,0,1,0,0,0,0,0,0,0.6,0.33333333333333,0.36363636363636,0.95652173913043,20.683409,-103.346977,cerca
0,0,1,1,1,1,0,0,1,0,0.16666666666667,0.72727272727273,0.82608695652174,20.677010,-103.336121,lejos
0,0,0,1,0,1,0,1,0,1,0.66666666666667,0.36363636363636,0.1304347826087,20.676067,-103.385590,lejos
0,1,1,0,1,0,1,1,0,0,1,0.90909090909091,0.43478260869565,20.661396,-103.330063,lejos
0,1,0,0,0,0,1,0,0,0.2,1,0.36363636363636,0.39130434782609,20.675341,-103.364883,medio
0,1,1,0,0,1,0,0,0,0,0.5,0.81818181818182,0.8695652173913,20.702393,-103.347939,lejos
0,1,0,1,1,0,1,1,0,1,0.83333333333333,0.63636363636364,0.21739130434783,20.694744,-103.332489,lejos
0,0,1,0,0,0,0,0,0,0.6,0.83333333333333,0,0.43478260869565,20.689919,-103.354935,lejos
0,1,0,0,0,0,0,0,0,1,1,0.90909090909091,0.73913043478261,20.689714,-103.343575,lejos
0,0,0,1,1,0,0,0,0,0.4,0,0.63636363636364,0.82608695652174,20.668131,-103.385849,cerca
0,0,0,0,1,0,0,0,1,0,0.83333333333333,0.27272727272727,0.65217391304348,20.687460,-103.347511,cerca
1,1,0,0,0,0,0,0,0,0.8,1,0,0.60869565217391,20.675922,-103.315849,lejos
0,1,1,0,0,0,1,0,0,0.8,0.33333333333333,0.54545454545455,0.17391304347826,20.648546,-103.368843,medio
0,0,0,0,0,1,0,0,1,0.2,1,0.45454545454545,0.1304347826087,20.655010,-103.349510,cerca
0,1,1,0,1,0,0,0,0,0.4,0.33333333333333,0,0.8695652173913,20.649130,-103.333366,medio
0,0,0,1,1,0,0,0,1,1,0.33333333333333,0.72727272727273,0,20.656504,-103.340599,cerca
0,0,1,0,0,0,0,1,0,0,0.66666666666667,0.90909090909091,0.73913043478261,20.668592,-103.332214,lejos
0,1,0,0,0,1,1,0,1,0.4,1,0,0.78260869565217,20.662031,-103.330750,lejos
0,0,0,0,0,0,1,1,0,0.6,0.33333333333333,0.81818181818182,0.08695652173913,20.688320,-103.339996,lejos
0,1,1,1,1,0,0,1,0,1,0.66666666666667,0,0.65217391304348,20.658936,-103.375832,lejos
0,0,0,1,0,0,1,0,1,0.2,0.83333333333333,0.27272727272727,0.65217391304348,20.675154,-103.382858,lejos
1,0,0,1,1,1,1,0,0,0.8,0.16666666666667,0.90909090909091,0.30434782608696,20.693569,-103.362312,lejos
0,0,1,0,0,1,0,0,0,0.8,0.5,0.36363636363636,0.73913043478261,20.700188,-103.357971,lejos
0,0,0,0,0,0,1,1,0,0.8,0.16666666666667,0.36363636363636,0.95652173913043,20.681040,-103.374794,cerca
0,0,0,0,0,0,1,0,0,0.6,0.5,0.63636363636364,0.34782608695652,20.687449,-103.349403,cerca
1,0,0,0,0,0,0,0,0,0.4,0.66666666666667,0.90909090909091,0.30434782608696,20.687944,-103.386673,cerca
0,0,1,0,0,0,1,0,0,0,1,0.45454545454545,0.17391304347826,20.687523,-103.371086,lejos
0,0,0,1,1,1,0,1,1,0,0.33333333333333,1,0.39130434782609,20.687128,-103.333244,medio
1,0,0,1,0,0,0,0,0,0.2,0.66666666666667,0.90909090909091,0.78260869565217,20.643469,-103.333344,lejos
0,0,1,0,0,0,1,1,0,0.4,0.5,0,0.1304347826087,20.652437,-103.333199,lejos
0,0,0,0,0,1,0,0,0,1,0,0.36363636363636,0.69565217391304,20.704754,-103.341919,medio
0,0,1,0,1,0,1,0,0,0.4,0.33333333333333,0.90909090909091,0.78260869565217,20.655212,-103.320587,lejos
0,0,0,0,0,1,1,0,0,0.8,0.16666666666667,0.90909090909091,0.73913043478261,20.649483,-103.355049,cerca
1,0,0,0,1,0,0,1,1,0,0.33333333333333,0.27272727272727,0.73913043478261,20.681412,-103.347099,lejos
1,1,1,0,0,0,0,0,1,0.6,1,0.45454545454545,0.52173913043478,20.691305,-103.381660,lejos
0,0,1,1,1,1,1,0,0,0,0.33333333333333,0.36363636363636,0.73913043478261,20.657936,-103.346748,lejos
1,0,0,0,0,0,1,0,0,0,0.5,0,0.21739130434783,20.643040,-103.338333,medio
0,0,1,0,0,1,0,0,0,0.6,1,0.90909090909091,0.65217391304348,20.668154,-103.375740,lejos
1,0,0,1,1,0,0,0,1,0.6,0.66666666666667,1,0.60869565217391,20.658804,-103.346924,cerca
0,0,0,0,1,0,0,0,0,0.2,0.83333333333333,0.27272727272727,0.47826086956522,20.649157,-103.352005,cerca
0,1,0,1,0,0,0,0,1,0.6,0.5,0.63636363636364,0.34782608695652,20.679939,-103.325226,lejos
0,0,0,0,0,1,0,0,0,0.2,0.83333333333333,0.72727272727273,0.69565217391304,20.664465,-103.333786,cerca
0,1,1,1,0,0,1,0,0,0.8,0.83333333333333,0.90909090909091,0.08695652173913,20.669273,-103.330704,lejos
1,1,0,0,1,0,0,0,1,0.4,0.5,0.27272727272727,0.56521739130435,20.674320,-103.339432,cerca
0,1,0,0,0,0,0,0,0,0,0.83333333333333,0,0.56521739130435,20.651335,-103.369545,lejos
1,0,0,0,1,1,0,1,0,0,0.83333333333333,0.54545454545455,0.1304347826087,20.665195,-103.370422,lejos
0,1,0,1,1,1,0,0,1,1,0.83333333333333,0.90909090909091,0.91304347826087,20.688696,-103.368233,lejos
0,1,0,1,1,1,1,0,0,0.4,0.83333333333333,0.72727272727273,0.47826086956522,20.666592,-103.331413,lejos
0,1,1,0,0,0,0,1,1,1,0,1,0.043478260869565,20.660292,-103.387146,lejos
1,1,0,0,1,1,0,0,0,0,0,0.90909090909091,0.52173913043478,20.661177,-103.370598,lejos
0,0,1,0,1,1,1,0,0,0,0,0.90909090909091,0.39130434782609,20.698879,-103.327042,lejos
0,0,0,0,0,1,1,1,1,0.6,0.83333333333333,0.72727272727273,0.95652173913043,20.688070,-103.336700,lejos
1,0,0,1,1,0,1,1,0,0.8,0.66666666666667,0.36363636363636,0.60869565217391,20.699911,-103.352165,lejos
0,1,0,0,1,1,1,1,0,0,0.83333333333333,0.81818181818182,0.52173913043478,20.680742,-103.321976,lejos
1,0,0,0,1,0,1,0,0,0,0,0.36363636363636,0.56521739130435,20.663704,-103.344666,lejos
1,0,0,0,1,0,1,1,0,0.4,0,0.81818181818182,0.43478260869565,20.683146,-103.355659,lejos
0,0,1,0,0,1,1,1,1,1,0.83333333333333,0.36363636363636,0.21739130434783,20.676283,-103.351913,lejos
0,0,1,0,1,0,0,1,1,0,0,0.36363636363636,0.17391304347826,20.659832,-103.326759,lejos
0,0,0,0,0,0,0,1,0,0,0.5,0.27272727272727,0.56521739130435,20.668198,-103.384460,lejos
1,1,1,0,0,0,0,0,1,0.8,0.83333333333333,0.81818181818182,0.39130434782609,20.652054,-103.364677,lejos
0,1,1,1,1,0,1,0,0,0.6,0.16666666666667,0.36363636363636,0.65217391304348,20.671148,-103.390221,lejos
0,0,0,1,0,0,0,0,0,1,0.5,0.72727272727273,0.1304347826087,20.662020,-103.325302,lejos
1,0,0,0,0,0,0,0,0,0.8,1,0.27272727272727,0.82608695652174,20.652992,-103.342789,lejos
0,0,1,1,0,1,0,0,0,1,0.5,0.45454545454545,0.91304347826087,20.661503,-103.354591,lejos
0,0,0,0,1,1,1,1,0,0.4,0.16666666666667,0.54545454545455,0.043478260869565,20.696381,-103.345718,lejos
0,0,1,0,1,1,1,0,1,0.2,0.5,0.45454545454545,0.82608695652174,20.672064,-103.317749,lejos
0,0,0,1,0,0,0,0,1,0.2,0.16666666666667,1,0.8695652173913,20.647041,-103.342690,cerca
1,0,0,0,0,1,0,0,0,0,0.16666666666667,0.45454545454545,0.34782608695652,20.687876,-103.358604,medio
1,0,0,0,0,0,0,0,0,0.6,0.16666666666667,0.63636363636364,1,20.661312,-103.375481,medio
1,0,0,0,0,0,0,0,0,1,0,0.45454545454545,0.56521739130435,20.675238,-103.324371,medio
0,1,0,0,1,0,0,1,1,0.6,1,0.36363636363636,0.47826086956522,20.669462,-103.334412,medio
0,0,0,0,0,1,1,0,0,1,0.33333333333333,0,0.043478260869565,20.686991,-103.319832,cerca
1,0,0,0,1,0,0,0,1,0.6,0.66666666666667,0.54545454545455,0.17391304347826,20.649038,-103.358864,lejos
0,0,0,1,1,0,1,1,0,1,1,0.54545454545455,0.47826086956522,20.675619,-103.322227,lejos
1,1,1,0,0,0,1,1,0,0,0.5,0.54545454545455,0.34782608695652,20.648823,-103.365303,cerca
0,1,0,0,1,0,1,0,1,0,0.66666666666667,0.81818181818182,0.43478260869565,20.652905,-103.384041,cerca
0,0,1,1,1,0,0,0,1,0.8,1,0.54545454545455,0.60869565217391,20.682978,-103.332993,lejos
0,0,1,0,0,1,0,0,0,0.2,1,0.81818181818182,0.43478260869565,20.670176,-103.315773,medio
0,0,1,0,0,0,0,0,1,0.8,0.5,0.81818181818182,0.78260869565217,20.652855,-103.362488,medio
0,0,1,0,0,0,1,0,1,1,0.83333333333333,0.90909090909091,0.26086956521739,20.683443,-103.386688,lejos
1,1,1,0,0,0,1,0,0,0.8,0.5,0.45454545454545,0.043478260869565,20.664703,-103.341202,cerca
0,1,0,0,0,0,0,1,0,0.2,0.66666666666667,0.72727272727273,0.73913043478261,20.691675,-103.325684,lejos
0,1,0,0,1,0,0,0,0,1,0.16666666666667,0.54545454545455,0.47826086956522,20.685490,-103.325851,lejos
1,0,0,0,1,0,0,0,1,0,0.33333333333333,1,0.34782608695652,20.664436,-103.358101,medio
0,0,1,1,0,1,0,1,0,0.6,0.16666666666667,0,0.73913043478261,20.681490,-103.385582,lejos
1,1,1,0,0,0,0,1,1,0.2,0.33333333333333,0.90909090909091,0.08695652173913,20.683151,-103.384277,lejos
1,1,1,1,0,0,0,0,0,0.4,0.16666666666667,0.54545454545455,0.91304347826087,20.678713,-103.372330,cerca
0,1,0,0,0,1,1,1,0,0.4,0.5,1,0.47826086956522,20.642994,-103.334541,lejos
0,0,0,0,1,0,0,0,0,0.4,1,1,0.60869565217391,20.653723,-103.337654,cerca
1,0,0,0,1,1,0,0,1,0.6,0,0.90909090909091,0.8695652173913,20.698391,-103.346100,lejos
0,0,1,0,1,1,0,1,0,0,1,0.81818181818182,0.60869565217391,20.661692,-103.328430,lejos
1,1,0,1,1,0,1,0,0,1,0.83333333333333,0.63636363636364,0.82608695652174,20.642309,-103.336426,lejos
1,0,1,0,0,0,0,0,1,1,0.16666666666667,0.63636363636364,0.08695652173913,20.703894,-103.352989,cerca
0,0,1,1,0,0,0,0,1,0,0,0.90909090909091,0.52173913043478,20.699951,-103.342461,medio
0,0,1,0,0,1,1,0,0,0,0.66666666666667,0.27272727272727,0.82608695652174,20.675442,-103.336349,lejos
0,0,0,1,0,0,1,0,0,0.6,0.5,0.90909090909091,0.08695652173913,20.652044,-103.336678,lejos
0,0,1,0,0,0,0,0,1,0.2,0.33333333333333,0.27272727272727,0.78260869565217,20.673124,-103.322395,cerca
1,0,0,0,1,0,0,1,0,0.6,1,0.54545454545455,0.17391304347826,20.655319,-103.379211,lejos
1,1,1,0,0,1,1,0,0,0.8,0.16666666666667,0,0.69565217391304,20.671059,-103.349915,medio
0,1,0,1,0,0,1,0,0,0.2,0.33333333333333,1,0.39130434782609,20.663063,-103.319565,lejos
0,0,0,1,1,0,0,1,0,0.4,0.33333333333333,0.36363636363636,0.56521739130435,20.686176,-103.386803,lejos
0,1,0,1,0,1,0,0,0,0,0,0.36363636363636,0.43478260869565,20.651861,-103.330070,cerca
0,0,0,0,0,0,0,1,0,0,0.5,0.54545454545455,0.82608695652174,20.646763,-103.353134,lejos
0,0,1,1,1,0,0,0,0,0,0.33333333333333,0.81818181818182,0.043478260869565,20.701696,-103.371803,cerca
1,0,0,0,1,0,0,0,0,0.8,0.83333333333333,0.27272727272727,0,20.681610,-103.320351,medio
1,0,1,0,0,0,1,0,1,0.2,0.16666666666667,0,0.30434782608696,20.642962,-103.338165,lejos
1,1,0,1,0,1,0,0,0,0.6,0.16666666666667,0.63636363636364,0.69565217391304,20.656775,-103.342560,cerca
0,0,1,1,1,0,0,0,0,1,1,0.45454545454545,0.26086956521739,20.700363,-103.362061,lejos
0,1,0,0,1,1,0,1,0,0.6,1,0.72727272727273,1,20.644850,-103.335197,lejos
0,1,1,1,0,0,0,0,1,0,0.66666666666667,0.72727272727273,0.65217391304348,20.668329,-103.390228,lejos
0,0,0,0,1,1,1,1,1,0.6,0.5,0.27272727272727,0.1304347826087,20.667744,-103.334770,lejos
0,1,1,0,0,1,1,0,0,0.6,0.5,0.72727272727273,0.39130434782609,20.676088,-103.385941,lejos
0,0,0,1,1,0,0,1,0,1,0.16666666666667,1,0.26086956521739,20.666882,-103.379059,lejos
0,0,0,0,0,0,0,1,0,1,0.5,0.72727272727273,0.91304347826087,20.700575,-103.358376,lejos
0,0,1,0,0,0,0,1,0,0.2,0.66666666666667,0.54545454545455,0.43478260869565,20.671598,-103.357887,lejos
0,1,0,0,0,0,0,0,0,0,1,0.27272727272727,0.73913043478261,20.695061,-103.345978,lejos
0,0,1,0,1,1,0,0,0,0.2,0.83333333333333,0.63636363636364,0.30434782608696,20.684134,-103.358803,cerca
0,0,0,1,0,0,0,1,0,0.6,1,0.27272727272727,0.65217391304348,20.662458,-103.367523,lejos
1,1,1,0,0,0,1,1,0,0.6,0.16666666666667,0.27272727272727,0.8695652173913,20.656624,-103.332962,cerca
0,0,1,0,0,1,0,1,1,0,1,0.54545454545455,0.52173913043478,20.693155,-103.351601,lejos
1,1,1,0,0,1,0,0,0,0.4,0.16666666666667,0.54545454545455,0.043478260869565,20.687868,-103.336433,medio
0,0,0,1,0,0,1,0,1,0.8,1,0.72727272727273,0.69565217391304,20.663139,-103.367310,lejos
1,0,0,0,0,1,0,0,0,0.4,0.5,0.63636363636364,0.8695652173913,20.668367,-103.390327,cerca
0,0,0,1,0,0,0,1,0,0.2,0.33333333333333,0.27272727272727,1,20.655899,-103.384636,lejos
0,0,0,1,0,1,0,0,0,0.2,0.83333333333333,0.90909090909091,0.21739130434783,20.666025,-103.382835,medio
1,0,0,0,0,1,1,1,1,0,0.5,0.81818181818182,0.69565217391304,20.683220,-103.349617,lejos
0,1,0,1,0,0,0,0,1,0.8,0.16666666666667,0.72727272727273,0.43478260869565,20.694809,-103.358879,lejos
0,0,0,0,0,1,0,1,0,0.4,0,0.45454545454545,0.73913043478261,20.653633,-103.379318,lejos
0,0,0,1,0,1,0,0,1,0,0.16666666666667,0.63636363636364,0.043478260869565,20.673134,-103.359848,cerca
0,0,1,0,0,1,0,0,0,0.4,1,0.54545454545455,0.1304347826087,20.661682,-103.373573,medio
0,1,1,0,0,0,0,0,1,0.6,0.33333333333333,0.45454545454545,0.30434782608696,20.694490,-103.328674,cerca
0,0,1,0,1,0,1,0,0,0.6,0.5,0.54545454545455,0.47826086956522,20.644176,-103.360153,lejos
0,1,0,0,1,1,0,0,0,0,0.33333333333333,0.90909090909091,0.043478260869565,20.674173,-103.336884,medio
0,0,1,1,0,0,0,1,0,0.4,0,0.90909090909091,0.78260869565217,20.684629,-103.330322,lejos
1,1,0,1,0,0,1,0,0,0.2,0.83333333333333,1,0.30434782608696,20.685005,-103.343102,lejos
0,1,1,1,1,0,0,0,1,1,0.33333333333333,0.27272727272727,0.73913043478261,20.648338,-103.332779,cerca
1,1,1,0,0,0,0,0,1,0.2,0.66666666666667,0.45454545454545,0,20.675819,-103.366539,lejos
1,0,0,0,0,0,0,0,0,0.6,0.66666666666667,0.72727272727273,0.65217391304348,20.676506,-103.350044,medio
0,0,0,0,0,0,1,1,0,1,0,0.54545454545455,0.78260869565217,20.683231,-103.317223,cerca
0,1,1,0,0,0,0,0,0,0.6,0,0.27272727272727,0.34782608695652,20.670656,-103.354790,lejos
1,0,0,1,0,0,0,1,1,0.8,0.33333333333333,0,0.47826086956522,20.648249,-103.354828,lejos
0,1,0,0,1,0,0,1,0,1,0.66666666666667,0.81818181818182,0.56521739130435,20.671513,-103.378609,lejos
0,0,0,0,0,0,0,1,0,0.8,1,0.90909090909091,0.60869565217391,20.689829,-103.366165,lejos
1,0,0,0,0,0,0,0,0,0.8,0.5,0.36363636363636,0.56521739130435,20.699327,-103.329102,medio
0,1,0,0,0,0,0,1,1,0.2,0.66666666666667,0.63636363636364,0.52173913043478,20.659363,-103.337479,lejos
0,1,1,0,0,0,0,1,0,0.2,0.83333333333333,0,0.08695652173913,20.703440,-103.364204,lejos
0,0,1,0,0,0,0,0,0,0.6,0.83333333333333,0.63636363636364,0.39130434782609,20.683329,-103.360222,medio
0,1,0,0,1,0,0,0,0,0,0.5,0.81818181818182,0.91304347826087,20.699600,-103.355942,medio
1,0,0,1,0,1,0,1,1,1,0,0.81818181818182,0.26086956521739,20.662251,-103.340401,lejos
1,1,0,1,0,1,0,0,1,0.8,0.5,0.45454545454545,0.47826086956522,20.656586,-103.366402,cerca
0,0,0,0,1,0,1,1,0,0,0.5,0.36363636363636,0.17391304347826,20.662579,-103.367348,lejos
0,1,0,0,0,1,0,0,0,0,0.33333333333333,1,0.17391304347826,20.654221,-103.380531,lejos
1,0,1,1,1,1,0,0,0,0.4,0,1,0.91304347826087,20.685024,-103.371857,lejos
0,1,0,0,1,1,0,1,0,0.6,0.16666666666667,0.63636363636364,0,20.650784,-103.374535,lejos
0,0,0,0,1,1,0,0,0,0.6,0.66666666666667,0.90909090909091,0.17391304347826,20.664207,-103.384377,cerca
0,0,0,0,0,1,0,0,0,0.4,0,0,0.56521739130435,20.675009,-103.362366,medio
0,0,1,1,0,1,0,0,0,0.8,0.16666666666667,1,0.52173913043478,20.649654,-103.337425,lejos
0,1,0,1,1,1,0,0,1,0.6,1,0.90909090909091,0.60869565217391,20.693871,-103.372574,lejos
0,1,0,0,0,1,1,0,0,1,0,0.63636363636364,0.78260869565217,20.645658,-103.375038,lejos
1,0,1,0,0,0,0,0,0,0.2,0,0.63636363636364,1,20.681856,-103.370224,cerca
0,1,0,0,1,1,0,0,0,0.8,0.5,1,0.30434782608696,20.699972,-103.339874,medio
0,1,0,0,0,0,0,0,0,0,0,0.63636363636364,0.30434782608696,20.652454,-103.377052,lejos
0,1,0,0,0,0,0,0,0,0,0.83333333333333,0.63636363636364,0.1304347826087,20.668070,-103.322250,medio
0,0,0,0,0,0,1,1,0,0.6,1,1,1,20.645737,-103.349213,lejos
0,1,1,0,0,0,0,0,0,0,0.5,0.27272727272727,0.08695652173913,20.705893,-103.344055,lejos
0,1,0,0,0,0,0,0,0,1,0.5,0.81818181818182,0.95652173913043,20.650805,-103.333199,lejos
0,0,0,1,0,0,0,0,0,0,0.66666666666667,0.72727272727273,0.91304347826087,20.662079,-103.361122,lejos
0,1,0,0,0,0,1,0,0,0.6,0.16666666666667,0.72727272727273,0.043478260869565,20.680471,-103.379929,medio
1,0,1,1,1,0,0,1,0,0.8,0.66666666666667,0.54545454545455,0.17391304347826,20.668667,-103.368507,lejos
0,1,1,0,0,1,1,0,1,0.8,0.66666666666667,0.54545454545455,0.82608695652174,20.674913,-103.333305,medio
1,0,0,0,0,0,0,0,0,0,1,0.36363636363636,0.30434782608696,20.700104,-103.337212,medio
1,0,1,1,0,0,1,0,1,0.4,1,0,0.78260869565217,20.654181,-103.382172,lejos
0,0,0,0,0,1,0,0,0,0.6,0.16666666666667,0.63636363636364,0.52173913043478,20.643471,-103.373970,medio
0,0,1,1,0,1,0,1,0,0.2,0,0.27272727272727,0.43478260869565,20.680143,-103.315865,lejos
0,1,1,0,1,0,1,0,1,0.8,0.16666666666667,1,0.60869565217391,20.688145,-103.336060,cerca
1,0,1,0,0,0,1,0,0,1,0.83333333333333,0.54545454545455,1,20.692244,-103.354172,cerca
0,0,0,0,1,1,1,1,1,0.6,1,0.54545454545455,0.39130434782609,20.659657,-103.379555,lejos
0,0,0,0,1,0,0,0,1,0,0,0.72727272727273,0.69565217391304,20.688856,-103.329117,cerca
0,0,1,0,0,0,0,0,0,1,0.83333333333333,0.81818181818182,0.91304347826087,20.675743,-103.377846,lejos
0,1,0,0,1,1,0,1,1,0.4,1,0.90909090909091,0.82608695652174,20.638674,-103.347275,lejos
0,0,0,1,0,1,0,0,0,0,1,0.81818181818182,0.82608695652174,20.651091,-103.328979,lejos
0,0,0,0,0,0,0,0,1,1,0.33333333333333,0.54545454545455,0.34782608695652,20.676908,-103.339279,cerca
1,0,0,0,0,1,0,1,0,1,0.83333333333333,0.54545454545455,0,20.659233,-103.353317,lejos
1,0,0,0,0,0,1,1,0,1,0.5,0.63636363636364,0.8695652173913,20.688374,-103.324287,cerca
0,0,1,1,0,0,0,0,0,0.8,0.83333333333333,0.72727272727273,0.17391304347826,20.687258,-103.356522,lejos
0,0,0,0,0,0,0,1,0,0,0.66666666666667,0.27272727272727,0.69565217391304,20.645014,-103.353516,lejos
0,0,0,0,1,0,0,0,0,0.6,0.83333333333333,0.72727272727273,0.47826086956522,20.683493,-103.352608,cerca
0,1,0,1,1,1,0,1,0,0.2,0.5,0.90909090909091,0.82608695652174,20.668121,-103.368866,lejos
0,0,0,0,0,1,0,0,0,0.8,0.66666666666667,0,0.52173913043478,20.697525,-103.342316,medio
0,1,1,0,1,1,1,0,0,0.4,0.33333333333333,0.63636363636364,0.73913043478261,20.661066,-103.348648,medio
0,1,0,1,1,1,0,0,1,0.8,1,0.45454545454545,0.26086956521739,20.639118,-103.343704,lejos
0,0,1,1,0,0,0,0,0,0.8,0.66666666666667,0.54545454545455,0.82608695652174,20.682178,-103.359047,lejos
1,0,1,0,1,0,0,1,0,0.2,0.5,0.36363636363636,0.1304347826087,20.661411,-103.322464,lejos
1,0,0,1,1,0,0,1,0,0.6,1,0.90909090909091,0.60869565217391,20.672356,-103.388214,lejos
0,0,0,1,0,1,0,1,1,0,0,0.81818181818182,0.56521739130435,20.699078,-103.368690,lejos
0,0,0,1,0,0,0,1,1,0.2,0.16666666666667,0.45454545454545,1,20.668209,-103.368591,lejos
0,0,0,0,0,0,0,1,0,0.2,0.66666666666667,0.81818181818182,0.1304347826087,20.684799,-103.366943,lejos
0,0,0,0,1,0,0,0,0,1,0.5,0.90909090909091,1,20.657915,-103.377213,medio
0,0,0,0,0,0,0,0,1,0.8,0.5,1,0.26086956521739,20.669537,-103.320297,cerca
0,1,1,0,0,0,1,0,0,0.6,0.5,0.36363636363636,0.52173913043478,20.640274,-103.338234,medio
0,0,1,0,0,0,0,0,1,0.4,0.83333333333333,0.54545454545455,0.08695652173913,20.702971,-103.349648,medio
0,0,0,1,1,1,0,0,1,0.4,0,0.72727272727273,0,20.671255,-103.349876,cerca
0,0,0,0,0,1,0,0,1,0.8,0.5,0.45454545454545,0.82608695652174,20.690756,-103.351418,cerca
0,0,0,0,1,1,1,1,1,1,0.66666666666667,0.72727272727273,0.82608695652174,20.653765,-103.329842,lejos
1,0,1,0,0,0,0,1,1,0,0.33333333333333,0.81818181818182,0.34782608695652,20.699512,-103.367546,lejos
1,0,0,0,0,0,0,0,1,0.2,0.66666666666667,0.63636363636364,1,20.685358,-103.320435,medio
0,1,1,0,1,0,1,0,0,0.6,1,1,0.39130434782609,20.695787,-103.326462,lejos
0,1,1,0,0,0,0,0,0,0.6,0.5,0.45454545454545,0.73913043478261,20.650013,-103.337425,lejos
0,1,0,0,0,0,0,0,0,0,0.5,0.63636363636364,0.43478260869565,20.660025,-103.327820,lejos
0,0,0,1,0,1,0,0,1,0.6,0.83333333333333,0.36363636363636,0.91304347826087,20.653452,-103.358727,lejos
0,0,0,1,1,0,1,1,1,0.8,0.5,0.36363636363636,0,20.684641,-103.337456,lejos
1,0,0,1,1,1,0,0,1,0.2,0.66666666666667,0.54545454545455,0.69565217391304,20.656794,-103.322533,lejos
0,1,1,1,0,1,0,1,0,0.8,0.66666666666667,0.27272727272727,0.8695652173913,20.665689,-103.320511,lejos
1,0,0,1,0,0,1,1,1,0.4,0.66666666666667,0.63636363636364,0.91304347826087,20.650534,-103.348061,lejos
1,0,0,0,0,0,0,0,0,0.6,0.33333333333333,0.45454545454545,0,20.688068,-103.342316,cerca
0,0,0,0,1,0,0,0,0,0,0.33333333333333,0.27272727272727,0.91304347826087,20.671715,-103.364754,cerca
1,0,1,0,1,0,1,0,1,0,0.66666666666667,0.63636363636364,0.69565217391304,20.690111,-103.368935,lejos
0,1,1,0,0,1,0,0,1,0.8,0.83333333333333,1,0.08695652173913,20.668911,-103.315994,cerca
1,0,0,0,0,0,0,0,0,0.6,0.83333333333333,0.72727272727273,0.69565217391304,20.659065,-103.321228,medio
0,0,1,1,1,0,0,1,1,0.4,0,0.90909090909091,0.60869565217391,20.652618,-103.363052,medio
1,0,0,0,0,0,0,1,0,0.8,0.66666666666667,0.81818181818182,0.47826086956522,20.663389,-103.347542,lejos
0,0,0,0,0,1,0,1,0,0.6,0.83333333333333,0,0.91304347826087,20.651117,-103.326416,lejos
0,0,0,0,0,0,0,1,1,1,0.66666666666667,1,0.1304347826087,20.690680,-103.332085,lejos
1,0,0,0,0,1,1,0,0,0.2,0.66666666666667,0.27272727272727,0.30434782608696,20.665697,-103.342972,lejos
0,1,0,1,0,1,0,1,1,0.8,0.33333333333333,0.54545454545455,0.47826086956522,20.701563,-103.350014,lejos
0,1,0,1,0,1,0,1,0,0.2,0.5,0.72727272727273,0.91304347826087,20.677559,-103.330681,medio
0,0,0,0,1,1,0,0,0,1,1,1,0.82608695652174,20.684664,-103.357117,medio
1,0,1,1,0,1,0,0,0,0.4,0.66666666666667,0.27272727272727,0.39130434782609,20.665794,-103.357841,medio
1,1,1,0,0,0,0,0,0,1,0.66666666666667,0.45454545454545,0.043478260869565,20.668150,-103.389023,medio
0,1,0,1,1,1,0,0,0,1,0.5,0.45454545454545,1,20.680452,-103.351906,lejos
0,1,1,0,1,0,1,0,0,0.6,1,0.27272727272727,0.8695652173913,20.648020,-103.330894,lejos
1,0,1,0,0,0,0,1,0,0.4,0,0,1,20.704063,-103.338318,lejos
0,0,0,1,0,0,0,0,0,0.6,0.66666666666667,0.36363636363636,0.78260869565217,20.647560,-103.337837,lejos
1,1,0,0,0,0,1,1,1,0.8,0.5,0.36363636363636,0.65217391304348,20.672981,-103.330070,cerca
0,0,1,1,1,1,0,0,0,0.6,0.83333333333333,1,0.91304347826087,20.642937,-103.347267,lejos
0,1,0,0,1,0,0,0,1,0.8,0.33333333333333,0.72727272727273,0.1304347826087,20.660669,-103.374321,cerca
0,0,0,0,0,0,0,1,1,0.2,0.5,0.81818181818182,0.043478260869565,20.690601,-103.322807,medio
0,0,0,0,0,1,0,1,1,0.2,0.33333333333333,0.45454545454545,0.39130434782609,20.707661,-103.353905,cerca
0,0,0,1,1,1,1,0,1,0.4,1,0.36363636363636,0.69565217391304,20.682335,-103.320633,lejos
1,0,1,1,1,0,0,0,1,0,1,0.54545454545455,0.043478260869565,20.686398,-103.384514,lejos
1,1,0,0,0,0,0,1,0,0.8,0,0.54545454545455,0.73913043478261,20.689827,-103.375282,medio
0,1,0,0,1,0,0,1,1,0.4,1,0.54545454545455,0.08695652173913,20.646442,-103.369377,cerca
0,1,0,1,1,0,0,1,0,0.6,0.83333333333333,0.54545454545455,0.8695652173913,20.651913,-103.337646,lejos
0,0,0,1,1,0,1,0,0,1,0.33333333333333,0.90909090909091,0.43478260869565,20.650194,-103.353256,lejos
0,0,0,1,0,0,0,1,1,0.2,0.66666666666667,0,0.21739130434783,20.705988,-103.348511,lejos
0,0,1,0,0,0,0,0,0,0.2,0.33333333333333,0.45454545454545,0.08695652173913,20.690594,-103.340492,cerca
0,0,1,0,1,0,0,0,1,0.8,0.16666666666667,0.27272727272727,0.65217391304348,20.686131,-103.346321,cerca
1,1,1,1,1,0,0,0,0,0,0.5,0.72727272727273,0.8695652173913,20.655937,-103.354279,lejos
1,0,1,1,0,1,0,1,0,0.8,0.83333333333333,0.81818181818182,0.52173913043478,20.662823,-103.331207,lejos
0,0,0,1,0,0,0,1,0,0.8,0.33333333333333,0.90909090909091,0.30434782608696,20.686014,-103.376572,lejos
1,0,0,1,0,1,1,0,0,0,0.16666666666667,0.81818181818182,0.60869565217391,20.657265,-103.374260,medio
0,0,1,1,1,0,0,0,1,1,0.83333333333333,0.81818181818182,0.47826086956522,20.698385,-103.343918,lejos
0,0,0,0,1,1,0,1,0,0.4,0.16666666666667,0.45454545454545,0.47826086956522,20.677797,-103.369072,cerca
0,1,0,0,0,1,0,0,0,0.6,0.66666666666667,0.90909090909091,0.30434782608696,20.687368,-103.341759,lejos
0,0,1,1,0,0,1,1,1,0.4,0,0.63636363636364,0.30434782608696,20.678574,-103.333855,lejos
0,0,0,1,0,0,0,0,0,0.8,0.16666666666667,0,0.78260869565217,20.675987,-103.367783,cerca
0,0,1,0,0,1,0,0,1,0.8,1,0.72727272727273,1,20.645605,-103.347099,lejos
1,0,0,0,0,0,0,1,0,0.2,0.83333333333333,0.90909090909091,0.65217391304348,20.675831,-103.365540,lejos
0,1,0,1,1,0,1,0,1,0.8,1,0.36363636363636,0.95652173913043,20.649324,-103.332626,medio
1,0,1,1,1,1,0,0,0,0,1,0.72727272727273,0.95652173913043,20.695354,-103.362511,lejos
0,0,0,0,0,1,1,0,0,0.8,0.66666666666667,0.81818181818182,0.21739130434783,20.653162,-103.347954,lejos
0,0,0,0,0,1,0,0,0,0.8,1,0,0.69565217391304,20.692982,-103.348114,lejos
1,0,1,0,0,0,0,0,1,0.6,0.5,0.63636363636364,0.043478260869565,20.681690,-103.385612,cerca
0,0,0,0,0,0,0,0,1,0,0.16666666666667,0.90909090909091,0.47826086956522,20.660509,-103.374596,cerca
1,0,0,0,0,1,0,0,0,0.4,0.16666666666667,0.45454545454545,0.95652173913043,20.682360,-103.323013,medio
0,0,1,1,0,0,1,0,1,1,0.83333333333333,0.54545454545455,0.95652173913043,20.661686,-103.349289,lejos
0,1,1,1,0,0,0,0,1,0,0.33333333333333,0.54545454545455,0.60869565217391,20.699274,-103.350746,lejos
0,0,1,0,1,0,0,0,0,0.4,0.16666666666667,0.72727272727273,0.8695652173913,20.682735,-103.380943,lejos
0,0,0,1,0,1,0,0,1,0.4,0.16666666666667,0.72727272727273,0.21739130434783,20.644934,-103.346581,cerca
0,1,1,0,0,0,1,1,0,0.8,0.66666666666667,0.27272727272727,0.30434782608696,20.642679,-103.359764,cerca
0,1,0,0,0,1,0,1,1,0.4,1,0.36363636363636,0.8695652173913,20.703060,-103.336288,lejos
1,0,0,0,0,0,0,0,0,0.2,0.66666666666667,1,0.26086956521739,20.656275,-103.340668,cerca
0,0,0,0,0,1,0,0,0,0.4,0.5,0.27272727272727,0.52173913043478,20.646492,-103.345688,cerca
1,0,1,0,0,0,1,1,0,0.6,0,0.72727272727273,0.39130434782609,20.686211,-103.341179,cerca
0,1,0,0,0,0,1,1,1,0.4,0.5,1,0.26086956521739,20.659842,-103.322006,medio
1,1,0,1,0,0,0,0,0,0.4,0.16666666666667,0.36363636363636,0.30434782608696,20.659620,-103.379189,cerca
1,1,0,1,0,0,0,0,0,0.6,0.5,0.72727272727273,0.91304347826087,20.666645,-103.361259,cerca
1,0,1,0,0,0,0,0,1,1,0.5,0.90909090909091,0.52173913043478,20.691280,-103.332344,medio
1,0,0,0,1,0,0,0,0,1,0,0.54545454545455,0.39130434782609,20.652971,-103.349312,lejos
1,1,1,0,1,1,0,0,0,1,0.66666666666667,0.81818181818182,0.43478260869565,20.641275,-103.338211,medio
1,0,0,1,1,0,0,0,1,0.6,0.16666666666667,0.27272727272727,0.82608695652174,20.698757,-103.331276,medio
0,0,0,0,0,1,0,1,0,1,1,0.90909090909091,0.95652173913043,20.663191,-103.335686,lejos
1,0,0,0,1,0,0,0,1,0.4,0.83333333333333,1,0.95652173913043,20.688272,-103.355362,lejos
1,0,1,0,0,1,1,0,1,1,0.83333333333333,1,0.52173913043478,20.650879,-103.342560,lejos
0,0,0,0,1,1,0,1,0,0.8,1,0,0.043478260869565,20.641111,-103.359756,lejos
0,1,0,0,0,0,0,0,0,0.6,0.5,0.54545454545455,0.21739130434783,20.676491,-103.347191,lejos
0,1,0,0,0,0,0,0,1,0.4,0.5,0.90909090909091,0.52173913043478,20.672955,-103.380318,medio
0,0,1,0,0,0,1,0,1,0,1,0,0.47826086956522,20.684420,-103.335228,lejos
0,0,0,1,0,0,1,0,0,0.4,0.16666666666667,0.81818181818182,0.17391304347826,20.674515,-103.376801,lejos
0,0,0,0,1,0,0,0,0,0.4,1,0,0.65217391304348,20.677963,-103.333496,cerca
0,0,0,0,0,1,0,0,0,1,0.5,0.54545454545455,0.08695652173913,20.694881,-103.374725,lejos
0,0,1,1,1,1,0,0,1,0.4,1,0.90909090909091,0,20.646713,-103.362839,lejos
0,1,0,0,0,0,0,0,0,0.4,1,0.72727272727273,0.65217391304348,20.674812,-103.329750,lejos
1,0,0,0,0,1,0,0,1,0,0.5,0.27272727272727,0.56521739130435,20.655251,-103.338371,medio
0,0,0,0,0,0,0,0,1,0,0.66666666666667,0.72727272727273,0.30434782608696,20.673399,-103.315140,cerca
0,0,0,1,0,0,0,1,0,0.2,0.33333333333333,0.72727272727273,0.52173913043478,20.679209,-103.376579,lejos
1,0,1,0,1,1,0,1,0,0,1,0.36363636363636,0.26086956521739,20.688681,-103.344559,lejos
0,1,0,0,0,0,0,0,1,0.2,0.33333333333333,0.81818181818182,0.08695652173913,20.669714,-103.327362,cerca
0,1,1,0,1,1,0,0,0,0.4,0.33333333333333,0.90909090909091,0.43478260869565,20.649261,-103.329262,cerca
1,0,0,1,0,0,0,1,0,0.2,0,0.45454545454545,0.82608695652174,20.667986,-103.361839,lejos
0,0,1,0,1,1,0,1,0,0.2,0.5,0.45454545454545,0.73913043478261,20.701788,-103.351761,lejos
0,0,0,0,0,0,0,1,1,1,0.66666666666667,0.27272727272727,0.47826086956522,20.690044,-103.379471,medio
0,1,0,1,1,0,1,0,1,1,0,0.36363636363636,0.73913043478261,20.667124,-103.377884,cerca
0,0,0,0,0,1,0,0,0,1,0.5,0.90909090909091,0.043478260869565,20.675522,-103.329041,medio
0,0,0,0,1,0,0,1,0,0.8,0.5,0.45454545454545,0.69565217391304,20.688656,-103.378693,medio
1,0,0,0,0,0,0,0,0,0,0.16666666666667,0.63636363636364,0.95652173913043,20.652224,-103.373741,medio
0,0,0,1,1,0,0,0,0,0,0.5,0.54545454545455,1,20.650913,-103.347427,medio
0,0,0,1,1,1,0,0,1,0.8,0.83333333333333,0.45454545454545,1,20.667068,-103.362411,lejos
1,0,1,0,0,0,0,0,0,0.6,1,0.27272727272727,0.65217391304348,20.646679,-103.327087,cerca
0,0,1,0,1,1,0,1,1,0,0.66666666666667,0.72727272727273,0.043478260869565,20.693895,-103.342590,lejos
1,0,1,1,0,1,0,1,0,0.8,0.66666666666667,0.72727272727273,0.78260869565217,20.676702,-103.346283,lejos
1,0,1,0,0,0,0,1,0,0.4,0.5,0.90909090909091,0.78260869565217,20.686718,-103.351372,cerca
1,0,0,0,0,1,1,1,0,0.6,0.33333333333333,0.90909090909091,0.34782608695652,20.645149,-103.354385,lejos
0,0,1,0,1,0,0,1,0,0,0.5,0,0.043478260869565,20.679180,-103.385864,lejos
1,1,1,0,0,1,0,1,0,0.6,0,0.45454545454545,0.30434782608696,20.650679,-103.344330,medio
0,1,1,1,0,0,0,1,1,0.2,0.16666666666667,0.63636363636364,0.52173913043478,20.670034,-103.366821,lejos
0,0,0,0,0,0,0,0,1,1,0.16666666666667,1,0.8695652173913,20.644983,-103.370270,cerca
0,0,1,0,0,0,0,0,0,0.2,1,0.90909090909091,0.26086956521739,20.681585,-103.346786,lejos
0,1,0,1,0,1,1,0,0,0,0,0.81818181818182,0.56521739130435,20.696529,-103.324326,lejos
0,0,1,0,1,0,1,0,0,0.2,0,0.54545454545455,0.78260869565217,20.690351,-103.336731,lejos
0,0,0,1,1,0,0,0,0,0.8,0.66666666666667,1,0.91304347826087,20.667351,-103.355339,lejos
0,0,0,0,1,0,1,1,1,0.2,0.33333333333333,0.54545454545455,0.043478260869565,20.673534,-103.373482,cerca
1,0,1,1,0,0,0,0,1,1,0,0.45454545454545,0.95652173913043,20.665949,-103.349007,lejos
0,0,0,1,1,1,0,0,0,0.8,0.83333333333333,0,0.82608695652174,20.658356,-103.327011,lejos
0,0,1,0,1,1,1,0,0,0.6,0.33333333333333,0.54545454545455,0.78260869565217,20.689426,-103.373322,lejos
0,1,0,1,1,0,1,0,0,0,1,1,0.1304347826087,20.673819,-103.390366,lejos
1,0,1,0,0,0,0,1,1,0.2,0.5,1,0.82608695652174,20.666042,-103.361633,lejos
0,0,0,0,0,0,0,1,1,0.2,0.5,0.54545454545455,0.73913043478261,20.652554,-103.380745,cerca
0,0,0,0,0,1,0,0,0,0.4,1,0,0.95652173913043,20.675859,-103.385712,medio
0,0,0,1,1,1,0,0,0,0.6,0,0.54545454545455,0.43478260869565,20.657431,-103.327248,lejos
1,0,0,0,0,1,1,0,0,0.4,0.33333333333333,1,0.91304347826087,20.651737,-103.355446,lejos
1,1,0,0,1,0,0,0,0,0.2,0.16666666666667,0,0.17391304347826,20.669104,-103.361046,lejos
1,1,0,0,0,0,1,0,1,0.8,0.66666666666667,0.72727272727273,0.47826086956522,20.685106,-103.379601,medio
0,1,1,0,0,0,0,1,1,0,0,0.72727272727273,0.60869565217391,20.658495,-103.344772,lejos
0,0,0,1,0,1,1,0,0,0.8,0.66666666666667,1,0.56521739130435,20.646011,-103.353729,lejos
1,0,1,0,1,0,1,0,1,0,0.66666666666667,0.72727272727273,0.26086956521739,20.697681,-103.362961,lejos
1,0,0,1,0,0,1,0,0,0.2,0.16666666666667,0,0.65217391304348,20.691538,-103.351212,lejos
1,1,0,0,0,1,0,1,1,0.8,0.83333333333333,0.81818181818182,0.43478260869565,20.682379,-103.383301,lejos
0,1,0,1,1,0,0,0,1,0.8,0.16666666666667,0.81818181818182,0.1304347826087,20.689201,-103.356697,cerca
1,1,1,1,1,0,0,0,0,0.8,0.16666666666667,0.45454545454545,0.73913043478261,20.659452,-103.320946,lejos
0,0,0,1,0,1,1,0,0,0.4,0.83333333333333,0,0.17391304347826,20.679068,-103.389458,lejos
0,1,0,0,1,0,0,0,0,0.6,0.5,0.45454545454545,0.21739130434783,20.664606,-103.354012,cerca
0,1,1,1,1,0,0,0,0,0.2,1,0,0.82608695652174,20.695995,-103.342796,lejos
0,1,0,1,0,1,0,1,0,1,0.16666666666667,0.63636363636364,0.1304347826087,20.675531,-103.389359,lejos
0,0,0,0,1,0,0,0,0,0.8,0.16666666666667,0.72727272727273,0.43478260869565,20.692026,-103.320770,cerca
0,1,0,1,1,0,0,0,0,0.4,1,0.90909090909091,0.1304347826087,20.670120,-103.345108,lejos
0,0,1,1,0,0,1,1,0,0.4,0.83333333333333,0.54545454545455,0.1304347826087,20.672594,-103.344551,lejos
0,0,1,0,1,0,1,0,0,0.8,0.33333333333333,0.63636363636364,0.8695652173913,20.660639,-103.364311,lejos
0,1,0,0,0,0,0,0,0,0.8,0.66666666666667,1,0.78260869565217,20.657673,-103.378532,lejos
0,1,1,0,1,1,0,0,1,0.6,0,0.54545454545455,0,20.648100,-103.357903,cerca
1,1,0,1,0,0,0,0,1,0.8,0,0.27272727272727,0.08695652173913,20.673771,-103.333839,lejos
0,0,1,0,0,1,1,1,1,0,0.33333333333333,0.90909090909091,0.95652173913043,20.690678,-103.327362,lejos
1,0,0,1,1,0,0,0,0,0.8,0.16666666666667,0.36363636363636,0.34782608695652,20.703999,-103.351372,lejos
1,0,1,0,1,0,1,0,1,0.8,0.33333333333333,0.45454545454545,0.78260869565217,20.662800,-103.318642,lejos
1,0,0,1,1,0,1,0,0,0,0.66666666666667,0.90909090909091,0.78260869565217,20.692036,-103.353371,lejos
0,0,1,0,0,1,0,1,0,0.4,1,0.54545454545455,0.39130434782609,20.662624,-103.344650,lejos
0,0,0,1,0,0,0,0,0,0.8,0.66666666666667,0.90909090909091,0.56521739130435,20.649021,-103.344734,lejos
0,1,0,1,0,1,0,1,0,0.6,0.16666666666667,0.81818181818182,0.1304347826087,20.669048,-103.336548,lejos
0,0,1,0,0,0,0,0,0,0.8,0.83333333333333,0.72727272727273,0.73913043478261,20.701792,-103.333878,lejos
1,0,1,0,0,1,1,1,0,0.8,0.5,1,0.1304347826087,20.651421,-103.366600,medio
0,0,1,1,0,0,0,0,0,1,0.66666666666667,0.90909090909091,0.60869565217391,20.668859,-103.341026,lejos
0,1,1,0,0,1,1,1,0,0.4,0,0.27272727272727,0.34782608695652,20.691410,-103.340706,lejos
0,1,1,0,0,0,0,0,0,0.8,0,1,0.34782608695652,20.652378,-103.378136,lejos
0,0,0,1,1,0,1,1,0,0.8,1,0.72727272727273,0.08695652173913,20.694944,-103.366409,lejos
0,1,0,0,1,1,0,1,0,0.8,0.16666666666667,0.45454545454545,0.043478260869565,20.688883,-103.341621,lejos
0,1,1,0,1,0,1,0,0,0.6,0,0.27272727272727,0.30434782608696,20.705122,-103.359779,medio
1,1,0,0,0,1,0,1,0,0.2,0.33333333333333,0,0.30434782608696,20.700239,-103.360863,medio
0,0,1,0,0,1,0,1,1,0.2,0.33333333333333,0.72727272727273,0.17391304347826,20.689566,-103.345131,lejos
0,0,1,0,1,0,0,0,0,0.4,0,0,0.43478260869565,20.652370,-103.351791,lejos
0,1,0,0,0,0,1,1,0,0.4,0.66666666666667,0.27272727272727,0.26086956521739,20.672171,-103.320709,medio
1,0,1,1,1,0,1,0,0,0.2,1,0.63636363636364,0,20.699625,-103.357002,lejos
0,0,0,1,0,0,0,0,0,0.6,0.66666666666667,1,0.30434782608696,20.667929,-103.351906,lejos
1,0,0,1,1,0,0,1,1,0,0.83333333333333,0.54545454545455,0.08695652173913,20.669138,-103.389221,lejos
0,0,1,0,0,0,0,0,0,0.2,0.66666666666667,0.63636363636364,0.95652173913043,20.690058,-103.325790,lejos
0,1,0,0,0,1,1,1,0,0.2,0.16666666666667,0.27272727272727,0.65217391304348,20.652744,-103.364738,lejos
1,1,1,1,0,0,0,1,0,0.2,0.83333333333333,0.90909090909091,0.21739130434783,20.656588,-103.327980,lejos
0,1,1,0,0,0,1,0,0,0.4,0.83333333333333,0.45454545454545,0.17391304347826,20.691286,-103.334145,lejos
1,0,0,0,1,0,0,0,0,0.8,0.5,0.27272727272727,0.39130434782609,20.703829,-103.366241,medio
1,0,0,0,0,0,1,1,1,1,0.33333333333333,0.54545454545455,0.26086956521739,20.681578,-103.346916,lejos
0,1,1,0,0,0,0,1,1,0.4,0.33333333333333,0.81818181818182,0.8695652173913,20.664454,-103.344643,lejos
0,0,1,1,0,1,0,1,1,1,0.16666666666667,0.54545454545455,0.1304347826087,20.667198,-103.355362,lejos
0,1,0,1,0,0,0,1,0,0.2,0.33333333333333,0.36363636363636,0.8695652173913,20.657642,-103.338219,lejos
1,0,0,1,0,1,0,0,1,0.8,0.5,0.45454545454545,0.78260869565217,20.683552,-103.383568,medio
0,1,1,0,1,1,0,1,0,0.6,0.66666666666667,0.27272727272727,0.73913043478261,20.697603,-103.347160,medio
1,1,0,1,1,0,0,0,0,0.6,0.16666666666667,0.36363636363636,0.43478260869565,20.687220,-103.319572,cerca
1,1,0,0,0,1,1,1,0,0,0.16666666666667,0.81818181818182,0.52173913043478,20.688637,-103.372002,lejos
0,1,0,0,1,1,0,0,0,0.2,0.33333333333333,0.36363636363636,0.69565217391304,20.677500,-103.361816,cerca
0,0,1,0,0,1,0,1,0,0,0,0.81818181818182,0.60869565217391,20.660154,-103.386398,lejos
0,0,0,0,0,0,0,1,0,1,0.33333333333333,1,0.34782608695652,20.665104,-103.341949,lejos
0,0,0,0,0,0,1,0,1,0.4,0.83333333333333,0.36363636363636,0,20.657627,-103.360275,cerca
1,0,1,0,0,0,0,1,1,0.4,0.33333333333333,0.63636363636364,0.56521739130435,20.668545,-103.345665,lejos
1,1,0,0,0,1,0,0,0,0,0.16666666666667,0.36363636363636,0.91304347826087,20.669382,-103.360580,cerca
0,0,0,0,0,0,1,0,1,0,0.16666666666667,0.81818181818182,0.82608695652174,20.670795,-103.350670,medio
1,1,0,0,1,1,0,1,0,0.4,1,0.54545454545455,0.08695652173913,20.663530,-103.324989,lejos
0,0,0,1,0,0,1,1,1,0.2,0.83333333333333,1,0.43478260869565,20.648087,-103.328102,lejos
0,1,0,0,0,0,0,0,0,0.6,0.83333333333333,0,0,20.679909,-103.379463,lejos
0,1,0,0,0,1,0,1,1,1,1,0.81818181818182,0.95652173913043,20.670563,-103.315895,lejos
0,0,1,0,0,0,0,1,0,0.8,0,0.90909090909091,1,20.655357,-103.354034,medio
0,0,0,1,0,0,0,0,0,1,0.5,0.54545454545455,0.21739130434783,20.666542,-103.359657,lejos
0,0,0,1,1,0,1,1,1,0,1,0.90909090909091,0,20.667139,-103.341652,lejos
0,0,1,0,1,1,0,0,1,0.8,0.66666666666667,0,0.08695652173913,20.665403,-103.375984,cerca
0,0,0,0,0,0,0,0,1,1,0.16666666666667,0.81818181818182,0.52173913043478,20.665678,-103.384209,cerca
0,1,0,1,1,0,1,0,0,0.2,1,0.54545454545455,0.30434782608696,20.685932,-103.378120,medio
0,0,0,1,0,0,0,1,0,0.6,0.83333333333333,0.72727272727273,0.34782608695652,20.678932,-103.315414,lejos
0,0,0,0,0,0,1,1,0,0,0.83333333333333,0.63636363636364,0.043478260869565,20.676828,-103.359856,lejos
0,0,0,0,0,1,1,0,0,1,0.83333333333333,1,0.043478260869565,20.654711,-103.357925,lejos
0,1,0,0,1,1,0,1,0,0.6,0.83333333333333,0.81818181818182,0.95652173913043,20.675583,-103.380562,lejos
0,0,1,1,1,0,1,0,0,0.2,0.66666666666667,0.72727272727273,0.52173913043478,20.668896,-103.332146,lejos
0,1,0,0,0,0,0,0,1,1,0.83333333333333,0.81818181818182,0.34782608695652,20.691732,-103.320351,lejos
1,1,0,0,1,1,1,0,0,0,0.83333333333333,0,0.043478260869565,20.651806,-103.345360,lejos
0,0,1,1,1,1,0,0,1,0.6,0.5,0.81818181818182,0.69565217391304,20.685804,-103.326073,medio
0,0,0,1,1,0,0,1,0,0.6,0,1,0.69565217391304,20.680834,-103.385780,lejos
0,0,0,0,1,0,0,0,0,0.4,1,0.27272727272727,0.08695652173913,20.668533,-103.326454,cerca
1,1,0,0,0,1,0,0,0,0.6,0.66666666666667,1,0.26086956521739,20.679253,-103.359375,cerca
1,1,0,0,1,0,0,0,0,0.4,0.33333333333333,1,0.43478260869565,20.692333,-103.364334,lejos
1,0,1,1,0,0,1,0,0,1,0.83333333333333,0.72727272727273,0.1304347826087,20.689777,-103.355713,lejos
1,1,1,0,0,1,0,0,1,0,0.5,0.54545454545455,0.08695652173913,20.662762,-103.380966,medio
0,0,0,0,0,0,0,1,0,0.6,1,0,0.8695652173913,20.663715,-103.374214,lejos
0,0,0,0,0,0,0,1,0,0.6,1,0,0.8695652173913,20.663715,-103.374214,lejos
